scenario,fiscal_year,cash_flow_date,period_class,revenue,gross_margin,gross_profit,sga_percent_revenue,total_selling_and_administrative_expense,derived_operating_income,operating_margin,normalized_tax_rate,nopat,da_percent_revenue,depreciation_and_amortization,capex_percent_revenue,capital_expenditures,operating_nwc_percent_revenue,operating_nwc_proxy,change_in_operating_nwc,fcff,terminal_growth,terminal_value_at_fy2031,discount_exponent,discount_factor,present_value_fcff,present_value_terminal_value,status,source_ids,notes
base,FY2027,2027-05-31,explicit_forecast,45470.040,0.425,19324.767000,0.352,16005.454080,3319.312920,0.073,0.210,2622.257206800,0.016,727.520640,0.015,682.050600,0.111,5047.174440,-459.825560,3127.552806800,,,1,0.9217656575904529353217631347,2882.870769608868802748879153,,forecast_calculated,VS01,Approved Phase 4 operating forecast; discounted at its May 31 fiscal-year-end date.
base,FY2028,2028-05-31,explicit_forecast,46379.440800,0.432,20035.918425600,0.345,16000.907076000,4035.011349600,0.087,0.210,3187.658966184000,0.016,742.071052800,0.016,742.071052800,0.108,5008.979606400,-38.194833600,3225.853799784000,,,2.002739726027397260273972603,0.8494623150806878435740832179,2740.241236876350326749833356,,forecast_calculated,VS01,Approved Phase 4 operating forecast; discounted at its May 31 fiscal-year-end date.
base,FY2029,2029-05-31,explicit_forecast,48002.721228000,0.440,21121.197340320000,0.338,16224.919775064000,4896.277565256000,0.102,0.210,3868.059276552240000,0.016,768.043539648000,0.017,816.046260876000,0.105,5040.285728940000,31.306122540000,3788.750432784240000,,,3.002739726027397260273972603,0.7830051894586587555285906023,2966.611250433799195930588575,,forecast_calculated,VS01,Approved Phase 4 operating forecast; discounted at its May 31 fiscal-year-end date.
base,FY2030,2030-05-31,explicit_forecast,49922.830077120000,0.445,22215.659384318400000,0.332,16574.379585603840000,5641.279798714560000,0.113,0.210,4456.611040984502400000,0.016,798.765281233920000,0.017,848.688111311040000,0.102,5092.128667866240000,51.842938926240000,4354.845271981142400000,,,4.002739726027397260273972603,0.7217472933580977746166520263,3143.097788045698674943819025,,forecast_calculated,VS01,Approved Phase 4 operating forecast; discounted at its May 31 fiscal-year-end date.
base,FY2031,2031-05-31,explicit_forecast,51420.514979433600000,0.448,23036.390710786252800000,0.328,16865.928913254220800000,6170.461797532032000000,0.120,0.210,4874.664820050305280000000,0.016,822.728239670937600000,0.017,874.148754650371200000,0.100,5142.051497943360000000,49.922830077120000000,4773.321474993751680000000,,,5.002739726027397260273972603,0.6652818684763565394135826867,3175.604229722161305335099957,,forecast_calculated,VS01,Approved Phase 4 operating forecast; discounted at its May 31 fiscal-year-end date.
base,FY2032,2032-05-31,terminal_transition,52706.027853919440000000,0.448,23612.300478555909120000000,0.328,17287.577136085576320000000,6324.723342470332800000000,0.120,0.210,4996.531440551562912000000000,0.016,843.296445662711040000000,0.017,896.002473516630480000000,0.100,5270.602785391944000000000,128.551287448584000000000,4815.274125249059472000000000,0.025,80422.86932363971122337006336,5.002739726027397260273972603,0.6652818684763565394135826867,,53503.87677186088336238399110,valuation_calculated,VS01;VS09;VS10;VS11,FY2032 is the explicit stable-state transition. Terminal value is measured at May 31 2031 and discounted using the FY2031 factor.
bull,FY2027,2027-05-31,explicit_forecast,46629.990,0.430,20050.895700,0.348,16227.236520,3823.659180,0.082,0.210,3020.690752200,0.016,746.079840,0.017,792.709830,0.108,5036.038920,-470.961080,3445.021842200,,,1,0.9217656575904529353217631347,3175.502823788956584374577884,,forecast_calculated,VS01,Approved Phase 4 operating forecast; discounted at its May 31 fiscal-year-end date.
bull,FY2028,2028-05-31,explicit_forecast,48495.189600,0.440,21337.883424000,0.340,16488.364464000,4849.518960000,0.100,0.210,3831.119978400000,0.016,775.923033600,0.018,872.913412800,0.104,5043.499718400,7.460798400,3726.668800800000,,,2.002739726027397260273972603,0.8494623150806878435740832179,3165.664707066538721251366692,,forecast_calculated,VS01,Approved Phase 4 operating forecast; discounted at its May 31 fiscal-year-end date.
bull,FY2029,2029-05-31,explicit_forecast,50919.949080000,0.450,22913.977086000000,0.330,16803.583196400000,6110.393889600000,0.120,0.210,4827.211172784000000,0.016,814.719185280000,0.019,967.479032520000,0.100,5091.994908000000,48.495189600000,4625.956135944000000,,,3.002739726027397260273972603,0.7830051894586587555285906023,3622.147660652276697857922730,,forecast_calculated,VS01,Approved Phase 4 operating forecast; discounted at its May 31 fiscal-year-end date.
bull,FY2030,2030-05-31,explicit_forecast,53465.946534000000,0.455,24327.005672970000000,0.322,17216.034783948000000,7110.970889022000000,0.133,0.210,5617.667002327380000000,0.017,908.921091078000000,0.019,1015.852984146000000,0.097,5186.196813798000000,94.201905798000000,5416.533203461380000000,,,4.002739726027397260273972603,0.7217472933580977746166520263,3909.368178982517731341065448,,forecast_calculated,VS01,Approved Phase 4 operating forecast; discounted at its May 31 fiscal-year-end date.
bull,FY2031,2031-05-31,explicit_forecast,55337.254662690000000,0.458,25344.462635512020000000,0.318,17597.246982735420000000,7747.215652776600000000,0.140,0.210,6120.300365693514000000000,0.017,940.733329265730000000,0.018,996.070583928420000000,0.095,5257.039192955550000000,70.842379157550000000,5994.120731873274000000000,,,5.002739726027397260273972603,0.6652818684763565394135826867,3987.779840373517474658196346,,forecast_calculated,VS01,Approved Phase 4 operating forecast; discounted at its May 31 fiscal-year-end date.
bull,FY2032,2032-05-31,terminal_transition,56720.686029257250000000,0.458,25978.074201399820500000000,0.318,18037.178157303805500000000,7940.896044096015000000000,0.140,0.210,6273.307874835851850000000000,0.017,964.251662497373250000000,0.018,1020.972348526630500000000,0.095,5388.465172779438750000000,131.425979823888750000000,6085.161208982705850000000000,0.025,101632.0383832738017682177364,5.002739726027397260273972603,0.6652818684763565394135826867,,67613.95239268518089362631389,valuation_calculated,VS01;VS09;VS10;VS11,FY2032 is the explicit stable-state transition. Terminal value is measured at May 31 2031 and discounted using the FY2031 factor.
bear,FY2027,2027-05-31,explicit_forecast,44542.080,0.415,18484.963200,0.355,15812.438400,2672.524800,0.060,0.210,2111.294592000,0.016,712.673280,0.013,579.047040,0.117,5211.423360,-295.576640,2540.497472000,,,1,0.9217656575904529353217631347,2341.743322884963293519918750,,forecast_calculated,VS01,Approved Phase 4 operating forecast; discounted at its May 31 fiscal-year-end date.
bear,FY2028,2028-05-31,explicit_forecast,44096.659200,0.415,18300.113568000,0.357,15742.507334400,2557.606233600,0.058,0.210,2020.508924544000,0.016,705.546547200,0.013,573.256569600,0.118,5203.405785600,-8.017574400,2160.816476544000,,,2.002739726027397260273972603,0.8494623150806878435740832179,1835.532166629561061211683931,,forecast_calculated,VS01,Approved Phase 4 operating forecast; discounted at its May 31 fiscal-year-end date.
bear,FY2029,2029-05-31,explicit_forecast,44537.625792000,0.420,18705.802832640000,0.354,15766.319530368000,2939.483302272000,0.066,0.210,2322.191808794880000,0.016,712.602012672000,0.014,623.526761088000,0.118,5255.439843456000,52.034057856000,2359.233002522880000,,,3.002739726027397260273972603,0.7830051894586587555285906023,1847.291684117548004163444394,,forecast_calculated,VS01,Approved Phase 4 operating forecast; discounted at its May 31 fiscal-year-end date.
bear,FY2030,2030-05-31,explicit_forecast,45428.378307840000,0.425,19307.060780832000000,0.350,15899.932407744000000,3407.128373088000000,0.075,0.210,2691.631414739520000000,0.015,681.425674617600000,0.015,681.425674617600000,0.117,5315.120262017280000,59.680418561280000,2631.950996178240000000,,,4.002739726027397260273972603,0.7217472933580977746166520263,1899.603507742793860135828166,,forecast_calculated,VS01,Approved Phase 4 operating forecast; discounted at its May 31 fiscal-year-end date.
bear,FY2031,2031-05-31,explicit_forecast,46336.945873996800000,0.428,19832.212834070630400000,0.346,16032.583272402892800000,3799.629561667737600000,0.082,0.210,3001.707353717512704000000,0.015,695.054188109952000000,0.015,695.054188109952000000,0.115,5328.748775509632000000,13.628513492352000000,2988.078840225160704000000,,,5.002739726027397260273972603,0.6652818684763565394135826867,1987.914673979659349581924280,,forecast_calculated,VS01,Approved Phase 4 operating forecast; discounted at its May 31 fiscal-year-end date.
bear,FY2032,2032-05-31,terminal_transition,47495.369520846720000000,0.428,20328.018154922396160000000,0.346,16433.397854212965120000000,3894.620300709431040000000,0.082,0.210,3076.750037560450521600000000,0.015,712.430542812700800000000,0.015,712.430542812700800000000,0.115,5461.967494897372800000000,133.218719387740800000000,2943.531318172709721600000000,0.025,49161.73584181992611568250509,5.002739726027397260273972603,0.6652818684763565394135826867,,32706.41147838702732303727534,valuation_calculated,VS01;VS09;VS10;VS11,FY2032 is the explicit stable-state transition. Terminal value is measured at May 31 2031 and discounted using the FY2031 factor.
